variant,case,first_confirmation_s,first_track_after_motion_s,max_fresh_error_m,final_error_m,track_candidates,first_new_support_after_resume_s
baseline,stationary_start_1s,,,,,0,
baseline,stationary_start_2s,8.0,,0.0,0.0,0,
baseline,stationary_start_2.5s,10.0,,0.0,0.0,0,
baseline,stationary_start_5s,10.0,,0.0,0.0,0,
baseline,stationary_start_irregular,15.0,,0.0,0.0,0,
baseline,moving_start_1.4m_s_acc3.0_1s_gps_only,,,,,0,
baseline,moving_start_1.4m_s_acc3.0_2s_gps_only,8.0,,30.8,162.4,0,
baseline,moving_start_1.4m_s_acc3.0_2.5s_gps_only,,,,,0,
baseline,moving_start_1.4m_s_acc3.0_5s_gps_only,,,,,0,
baseline,moving_start_1.4m_s_acc3.0_irregular_gps_only,,,,,0,
baseline,moving_start_1.4m_s_acc5.0_1s_gps_only,,,,,0,
baseline,moving_start_1.4m_s_acc5.0_2s_gps_only,8.0,,30.8,162.4,0,
baseline,moving_start_1.4m_s_acc5.0_2.5s_gps_only,10.0,,31.5,161.0,0,
baseline,moving_start_1.4m_s_acc5.0_5s_gps_only,10.0,20.0,14.0,1.2352941176470438,21,
baseline,moving_start_1.4m_s_acc5.0_irregular_gps_only,,,,,0,
baseline,moving_start_1.4m_s_acc3.0_5s_imu,,,,,0,
baseline,gps_only_1.2m_s_acc5.0_1s,10.0,,30.0,144.0,0,
baseline,gps_only_1.2m_s_acc5.0_2s,10.0,,31.20000000000001,21.60000000000001,0,
baseline,gps_only_1.2m_s_acc5.0_2.5s,10.0,,30.0,144.0,0,
baseline,gps_only_1.2m_s_acc5.0_5s,10.0,15.0,12.0,1.058823529411768,22,
baseline,gps_only_1.2m_s_acc5.0_irregular,10.0,15.0,9.0,1.1874086256167118,22,
baseline,gps_only_0.3m_s_acc10.0_5s,10.0,,24.0,5.2500000000000036,0,
baseline,gps_only_four_right_angle_corners,10.0,15.0,18.03144108304731,1.1159936491498372,13,
baseline,gps_only_hairpin_return,10.0,15.0,16.941173666484367,1.0588506658959442,15,
baseline,moving_dropout_10.0s,10.0,15.0,12.0,1.0588235294144113,19,0.0
baseline,moving_dropout_10.0s_then_1Hz_burst,10.0,15.0,23.27394815625,1.0588236575153758,16,0.0
baseline,moving_dropout_20.0s,10.0,15.0,12.0,1.0588251442458159,13,20.0
baseline,initial_300m_outlier_acc1,15.0,,0.0,0.0,0,
baseline,dropout_then_stationary_reacquisition,10.0,,0.0,0.0,0,10.0
baseline,dropout_then_moving_reacquisition,10.0,,0.0,1028.0,0,
baseline,stationary_truth_coherent_bias_0.7m_s,10.0,15.0,34.38235130544922,34.38235130544922,8,
baseline,walking_truth_same_input_0.7m_s,10.0,15.0,7.0,0.6176486945507804,8,
baseline,phone_handling_then_isolated_20m_fix,10.0,15.0,17.0,2.5499999999999994,2,
candidate,stationary_start_1s,8.0,,0.0,0.0,0,
candidate,stationary_start_2s,8.0,,0.0,0.0,0,
candidate,stationary_start_2.5s,10.0,,0.0,0.0,0,
candidate,stationary_start_5s,10.0,,0.0,0.0,0,
candidate,stationary_start_irregular,15.0,,0.0,0.0,0,
candidate,moving_start_1.4m_s_acc3.0_1s_gps_only,8.0,15.0,8.399999999999999,0.24705882352944286,106,
candidate,moving_start_1.4m_s_acc3.0_2s_gps_only,8.0,16.0,8.399999999999999,0.4941176470588289,53,
candidate,moving_start_1.4m_s_acc3.0_2.5s_gps_only,10.0,15.0,3.5000000000000018,0.6176470588235361,43,
candidate,moving_start_1.4m_s_acc3.0_5s_gps_only,10.0,20.0,7.000000000000002,1.2352941176470438,21,
candidate,moving_start_1.4m_s_acc3.0_irregular_gps_only,15.0,20.0,1.6740174331988271,1.3011026149798113,26,
candidate,moving_start_1.4m_s_acc5.0_1s_gps_only,8.0,15.0,8.399999999999999,0.24705882352944286,106,
candidate,moving_start_1.4m_s_acc5.0_2s_gps_only,8.0,16.0,8.399999999999999,0.4941176470588289,53,
candidate,moving_start_1.4m_s_acc5.0_2.5s_gps_only,10.0,15.0,3.5000000000000018,0.6176470588235361,43,
candidate,moving_start_1.4m_s_acc5.0_5s_gps_only,10.0,20.0,7.000000000000002,1.2352941176470438,21,
candidate,moving_start_1.4m_s_acc5.0_irregular_gps_only,15.0,20.0,1.6740174331988271,1.3011026149798113,26,
candidate,moving_start_1.4m_s_acc3.0_5s_imu,10.0,15.0,1.2352941176470722,1.2352941176470438,22,
candidate,gps_only_1.2m_s_acc5.0_1s,10.0,11.0,12.0,0.2117647058823593,110,
candidate,gps_only_1.2m_s_acc5.0_2s,10.0,12.0,12.0,0.4235294117647186,55,
candidate,gps_only_1.2m_s_acc5.0_2.5s,10.0,12.5,12.0,0.529411764705884,44,
candidate,gps_only_1.2m_s_acc5.0_5s,10.0,15.0,12.0,1.058823529411768,22,
candidate,gps_only_1.2m_s_acc5.0_irregular,10.0,15.0,9.0,1.1152308128398545,27,
candidate,gps_only_0.3m_s_acc10.0_5s,10.0,,24.0,1.5,0,
candidate,gps_only_four_right_angle_corners,10.0,15.0,18.03144108304731,1.1159936491498372,13,
candidate,gps_only_hairpin_return,10.0,15.0,16.941173666484367,1.0588506658959442,15,
candidate,moving_dropout_10.0s,10.0,15.0,12.0,1.0588235294144113,19,0.0
candidate,moving_dropout_10.0s_then_1Hz_burst,10.0,15.0,12.0,1.0588235301555358,19,0.0
candidate,moving_dropout_20.0s,10.0,15.0,12.0,1.0588251442458159,13,20.0
candidate,initial_300m_outlier_acc1,15.0,,0.0,0.0,0,
candidate,dropout_then_stationary_reacquisition,10.0,,0.0,0.0,0,10.0
candidate,dropout_then_moving_reacquisition,10.0,120.0,7.0,2.099999999999909,1,10.0
candidate,stationary_truth_coherent_bias_0.7m_s,10.0,15.0,34.38235130544922,34.38235130544922,8,
candidate,walking_truth_same_input_0.7m_s,10.0,15.0,7.0,0.6176486945507804,8,
candidate,phone_handling_then_isolated_20m_fix,10.0,20.0,0.0,0.0,1,
